{
  "r2": 0.047698312444237945,
  "mae": 2.9038209815566054,
  "rmse": 5.142462180181643
}